idx,AA,AA3C,AA_name,freq,freq_train,freq_train_weighted,e_ref
1,A,Ala,Alanine,9.2000,0.0897,0.0860,-0.6636
2,C,Cys,Cysteine,1.1000,0.0124,0.0137,1.1720
3,D,Asp,AsparticAciD,5.4000,0.0582,0.0581,-0.2725
4,E,Glu,GlutamicAcid,6.1000,0.0644,0.0660,-0.3994
5,F,Phe,Phenylalanine,3.9000,0.0389,0.0391,0.1242
6,G,Gly,Glycine,7.3000,0.0746,0.0725,-0.4932
7,H,His,Histidine,2.1000,0.0307,0.0319,0.3266
8,I,Ile,Isoleucine,5.6000,0.0595,0.0602,-0.3080
9,K,Lys,Lysine,4.8000,0.0523,0.0540,-0.1995
10,L,Leu,Leucine,9.9000,0.0947,0.0939,-0.7520
11,M,Met,Methionine,2.3000,0.0231,0.0236,0.6290
12,N,Asn,AsparagiNe,3.8000,0.0397,0.0399,0.1046
13,P,Pro,Proline,4.8000,0.0457,0.0446,-0.0083
14,Q,Gln,Glutamine,3.7000,0.0350,0.0354,0.2244
15,R,Arg,ARginine,5.8000,0.0524,0.0528,-0.1771
16,S,Ser,Serine,6.6000,0.0634,0.0637,-0.3640
17,T,Thr,Threonine,5.5000,0.0517,0.0513,-0.1476
18,V,Val,Valine,6.9000,0.0699,0.0700,-0.4577
19,W,Trp,Tryptophan,1.3000,0.0121,0.0119,1.3142
20,Y,Tyr,TYrosine,2.9000,0.0315,0.0313,0.3476
